<?xml version="1.0"?>
<!--<!DOCTYPE metadata SYSTEM "http://www.esri.com/metadata/esriprof80.dtd">-->
<metadata xml:lang="en"><Esri><CreaDate>20120516</CreaDate><CreaTime>17004500</CreaTime><SyncOnce>FALSE</SyncOnce><DataProperties><lineage><Process ToolSource="C:\Program Files\ArcGIS\ArcToolbox\Toolboxes\Data Management Tools.tbx\Dissolve" Date="20100609" Time="122327">Dissolve Kenya_districts89FEWs "C:\Documents and Settings\Frank\My Documents\Education\GradSchool\FeWs_Kenya\SpatialAdmin\Kenya_districtsIPUMS89.shp" ip89DId;ip89DName # MULTI_PART DISSOLVE_LINES</Process><Process ToolSource="C:\Program Files\ArcGIS\ArcToolbox\Toolboxes\Data Management Tools.tbx\SimplifyPolygon" Date="20100609" Time="124056">SimplifyPolygon Kenya_districtsIPUMS89 "C:\Documents and Settings\Frank\My Documents\Education\GradSchool\FeWs_Kenya\SpatialAdmin\Kenya_districtsIPUMS89_Bend05.shp" BEND_SIMPLIFY "0.05 DecimalDegrees" "0 Unknown" FLAG_ERRORS KEEP_COLLAPSED_POINTS "C:\Documents and Settings\Frank\My Documents\Education\GradSchool\FeWs_Kenya\SpatialAdmin\Kenya_districtsIPUMS89_Bend05_Pnt.shp"</Process></lineage><itemProps><itemLocation><linkage Sync="TRUE">file://\\psf\SVN\broom\data\Kenya_districtsIPUMS89_Bend05</linkage><protocol Sync="TRUE">Local Area Network</protocol></itemLocation></itemProps><copyHistory><copy source="Z:\Spatial\Kenya\Kenya_Admin\Kenya_districtsIPUMS89_Bend05" dest="\\psf\SVN\broom\data\Kenya_districtsIPUMS89_Bend05" date="20120516" time="17004500"></copy></copyHistory></DataProperties><SyncDate>20100609</SyncDate><SyncTime>12505700</SyncTime><ModDate>20100609</ModDate><ModTime>12524000</ModTime><ArcGISFormat>1.0</ArcGISFormat></Esri><idinfo><native Sync="TRUE">Microsoft Windows XP Version 5.1 (Build 2600) Service Pack 3; ESRI ArcCatalog 9.3.0.1770</native><descript><langdata Sync="TRUE">en</langdata><abstract>This dataset was created from the FEWS 89 district layers, dissolved to correspond to IPUMS 89 (Kenyan 89 census) district names. That dataset was then simplified (via simplify polygon) using the 'bend' option with a tolerance of .05 decimal degrees</abstract><purpose>REQUIRED: A summary of the intentions with which the data set was developed.</purpose></descript><citation><citeinfo><origin>REQUIRED: The name of an organization or individual that developed the data set.</origin><pubdate>REQUIRED: The date when the data set is published or otherwise made available for release.</pubdate><title Sync="TRUE">Kenya_districtsIPUMS89_Bend05</title><ftname Sync="TRUE">Kenya_districtsIPUMS89_Bend05</ftname><geoform Sync="TRUE">vector digital data</geoform><onlink Sync="TRUE">\\TOSHIBA-USER\C$\Documents and Settings\Frank\My Documents\Education\GradSchool\FeWs_Kenya\SpatialAdmin\Kenya_districtsIPUMS89_Bend05.shp</onlink></citeinfo></citation><timeperd><current>REQUIRED: The basis on which the time period of content information is determined.</current><timeinfo><sngdate><caldate>REQUIRED: The year (and optionally month, or month and day) for which the data set corresponds to the ground.</caldate></sngdate></timeinfo></timeperd><status><progress>REQUIRED: The state of the data set.</progress><update>REQUIRED: The frequency with which changes and additions are made to the data set after the initial data set is completed.</update></status><spdom><bounding><westbc Sync="TRUE">33.908859</westbc><eastbc Sync="TRUE">41.899078</eastbc><northbc Sync="TRUE">4.629333</northbc><southbc Sync="TRUE">-4.678047</southbc></bounding><lboundng><leftbc Sync="TRUE">33.908859</leftbc><rightbc Sync="TRUE">41.899078</rightbc><bottombc Sync="TRUE">-4.678047</bottombc><topbc Sync="TRUE">4.629333</topbc></lboundng></spdom><keywords><theme><themekt>REQUIRED: Reference to a formally registered thesaurus or a similar authoritative source of theme keywords.</themekt><themekey>REQUIRED: Common-use word or phrase used to describe the subject of the data set.</themekey></theme></keywords><accconst>REQUIRED: Restrictions and legal prerequisites for accessing the data set.</accconst><useconst>REQUIRED: Restrictions and legal prerequisites for using the data set after access is granted.</useconst><natvform Sync="TRUE">Shapefile</natvform></idinfo><dataIdInfo><envirDesc Sync="TRUE">Microsoft Windows XP Version 5.1 (Build 2600) Service Pack 3; ESRI ArcCatalog 9.3.0.1770</envirDesc><dataLang><languageCode Sync="TRUE" value="en"></languageCode></dataLang><idCitation><resTitle Sync="TRUE">Kenya_districtsIPUMS89_Bend05</resTitle><presForm><PresFormCd Sync="TRUE" value="005"></PresFormCd></presForm></idCitation><spatRpType><SpatRepTypCd Sync="TRUE" value="001"></SpatRepTypCd></spatRpType><dataExt><geoEle><GeoBndBox esriExtentType="native"><westBL Sync="TRUE">33.908859</westBL><eastBL Sync="TRUE">41.899078</eastBL><northBL Sync="TRUE">4.629333</northBL><southBL Sync="TRUE">-4.678047</southBL><exTypeCode Sync="TRUE">1</exTypeCode></GeoBndBox></geoEle></dataExt><geoBox esriExtentType="decdegrees"><westBL Sync="TRUE">33.908859</westBL><eastBL Sync="TRUE">41.899078</eastBL><northBL Sync="TRUE">4.629333</northBL><southBL Sync="TRUE">-4.678047</southBL><exTypeCode Sync="TRUE">1</exTypeCode></geoBox></dataIdInfo><metainfo><langmeta Sync="TRUE">en</langmeta><metstdn Sync="TRUE">FGDC Content Standards for Digital Geospatial Metadata</metstdn><metstdv Sync="TRUE">FGDC-STD-001-1998</metstdv><mettc Sync="TRUE">local time</mettc><metc><cntinfo><cntorgp><cntper>REQUIRED: The person responsible for the metadata information.</cntper><cntorg>REQUIRED: The organization responsible for the metadata information.</cntorg></cntorgp><cntaddr><addrtype>REQUIRED: The mailing and/or physical address for the organization or individual.</addrtype><city>REQUIRED: The city of the address.</city><state>REQUIRED: The state or province of the address.</state><postal>REQUIRED: The ZIP or other postal code of the address.</postal></cntaddr><cntvoice>REQUIRED: The telephone number by which individuals can speak to the organization or individual.</cntvoice></cntinfo></metc><metd Sync="TRUE">20100609</metd><metextns><onlink Sync="TRUE">http://www.esri.com/metadata/esriprof80.html</onlink><metprof Sync="TRUE">ESRI Metadata Profile</metprof></metextns></metainfo><mdLang><languageCode Sync="TRUE" value="en"></languageCode></mdLang><mdStanName Sync="TRUE">ISO 19115 Geographic Information - Metadata</mdStanName><mdStanVer Sync="TRUE">DIS_ESRI1.0</mdStanVer><mdChar><CharSetCd Sync="TRUE" value="004"></CharSetCd></mdChar><mdHrLv><ScopeCd Sync="TRUE" value="005"></ScopeCd></mdHrLv><mdHrLvName Sync="TRUE">dataset</mdHrLvName><distinfo><resdesc Sync="TRUE">Downloadable Data</resdesc><stdorder><digform><digtinfo><transize Sync="TRUE">0.102</transize><dssize Sync="TRUE">0.102</dssize></digtinfo></digform></stdorder></distinfo><distInfo><distributor><distorTran><onLineSrc><orDesc Sync="TRUE">002</orDesc><linkage Sync="TRUE">file://\\TOSHIBA-USER\C$\Documents and Settings\Frank\My Documents\Education\GradSchool\FeWs_Kenya\SpatialAdmin\Kenya_districtsIPUMS89_Bend05.shp</linkage><protocol Sync="TRUE">Local Area Network</protocol></onLineSrc><transSize Sync="TRUE">0.102</transSize></distorTran><distorFormat><formatName Sync="TRUE">Shapefile</formatName></distorFormat></distributor></distInfo><spdoinfo><direct Sync="TRUE">Vector</direct><ptvctinf><esriterm Name="Kenya_districtsIPUMS89_Bend05"><efeatyp Sync="TRUE">Simple</efeatyp><efeageom Sync="TRUE">Polygon</efeageom><esritopo Sync="TRUE">FALSE</esritopo><efeacnt Sync="TRUE">41</efeacnt><spindex Sync="TRUE">TRUE</spindex><linrefer Sync="TRUE">FALSE</linrefer></esriterm><sdtsterm Name="Kenya_districtsIPUMS89_Bend05"><sdtstype Sync="TRUE">G-polygon</sdtstype><ptvctcnt Sync="TRUE">41</ptvctcnt></sdtsterm></ptvctinf></spdoinfo><spref><horizsys><cordsysn><geogcsn Sync="TRUE">GCS_Clarke_1880_RGS</geogcsn></cordsysn><geograph><geogunit Sync="TRUE">Decimal degrees</geogunit><latres Sync="TRUE">0.000000</latres><longres Sync="TRUE">0.000000</longres></geograph><geodetic><horizdn Sync="TRUE">D_Clarke_1880_RGS</horizdn><ellips Sync="TRUE">Clarke_1880_RGS</ellips><semiaxis Sync="TRUE">6378249.145000</semiaxis><denflat Sync="TRUE">293.465000</denflat></geodetic></horizsys></spref><refSysInfo><RefSystem><refSysID><identCode Sync="TRUE">GCS_Clarke_1880_RGS</identCode></refSysID></RefSystem></refSysInfo><spatRepInfo><VectSpatRep><topLvl><TopoLevCd Sync="TRUE" value="001"></TopoLevCd></topLvl><geometObjs Name="Kenya_districtsIPUMS89_Bend05"><geoObjTyp><GeoObjTypCd Sync="TRUE" value="001"></GeoObjTypCd></geoObjTyp><geoObjCnt Sync="TRUE">41</geoObjCnt></geometObjs></VectSpatRep></spatRepInfo><eainfo><detailed Name="Kenya_districtsIPUMS89_Bend05"><enttyp><enttypl Sync="TRUE">Kenya_districtsIPUMS89_Bend05</enttypl><enttypt Sync="TRUE">Feature Class</enttypt><enttypc Sync="TRUE">41</enttypc></enttyp><attr><attrlabl Sync="TRUE">FID</attrlabl><attalias Sync="TRUE">FID</attalias><attrtype Sync="TRUE">OID</attrtype><attwidth Sync="TRUE">4</attwidth><atprecis Sync="TRUE">0</atprecis><attscale Sync="TRUE">0</attscale><attrdef Sync="TRUE">Internal feature number.</attrdef><attrdefs Sync="TRUE">ESRI</attrdefs><attrdomv><udom Sync="TRUE">Sequential unique whole numbers that are automatically generated.</udom></attrdomv></attr><attr><attrlabl Sync="TRUE">Shape</attrlabl><attalias Sync="TRUE">Shape</attalias><attrtype Sync="TRUE">Geometry</attrtype><attwidth Sync="TRUE">0</attwidth><atprecis Sync="TRUE">0</atprecis><attscale Sync="TRUE">0</attscale><attrdef Sync="TRUE">Feature geometry.</attrdef><attrdefs Sync="TRUE">ESRI</attrdefs><attrdomv><udom Sync="TRUE">Coordinates defining the features.</udom></attrdomv></attr><attr><attrlabl Sync="TRUE">ip89DId</attrlabl><attalias Sync="TRUE">ip89DId</attalias><attrtype Sync="TRUE">Number</attrtype><attwidth Sync="TRUE">10</attwidth></attr><attr><attrlabl Sync="TRUE">ip89DName</attrlabl><attalias Sync="TRUE">ip89DName</attalias><attrtype Sync="TRUE">String</attrtype><attwidth Sync="TRUE">254</attwidth></attr><attr><attrlabl Sync="TRUE">InPoly_FID</attrlabl><attalias Sync="TRUE">InPoly_FID</attalias><attrtype Sync="TRUE">Number</attrtype><attwidth Sync="TRUE">9</attwidth></attr><attr><attrlabl Sync="TRUE">SimPlyFlag</attrlabl><attalias Sync="TRUE">SimPlyFlag</attalias><attrtype Sync="TRUE">Number</attrtype><attwidth Sync="TRUE">4</attwidth></attr></detailed></eainfo><mdDateSt Sync="TRUE">20100609</mdDateSt></metadata>
